SUBREDDIT,OA Availability,,,,
,NA,FALSE,TRUE,Grand Total,%OA
Grand Total,3,3588,3002,6593,45.5%
science,,349,463,812,57.0%
nsclc,1,318,146,465,31.4%
HealthEconJA,,319,127,446,28.5%
chaos,,270,133,403,33.0%
citral,,85,98,183,53.6%
todayilearned,,95,56,151,37.1%
DrugNerds,,73,62,135,45.9%
EverythingScience,,64,58,122,47.5%
Economics,,31,83,114,72.8%
medicine,,57,40,97,41.2%
IRstudies,,52,36,88,40.9%
Physics,,44,35,79,44.3%
psychology,,29,36,65,55.4%
chemistry,,43,19,62,30.6%
Nootropics,,38,22,60,36.7%
climatechange,,11,39,50,78.0%
Microbiome,,26,23,49,
GlobalClimateChange,,16,30,46,
space,,16,24,40,
climate,,15,23,38,
AdvancedFitness,,16,21,37,
Futurology,,14,23,37,
theworldnews,,16,21,37,
FeMRADebates,,28,8,36,
economy,,11,22,33,
environment,,9,24,33,
EconPapers,,7,22,29,
climate_science,,9,15,24,
publichealth,,16,8,24,
conspiracy,,13,10,23,
Foamed,,11,12,23,
EcoInternet,,16,6,22,
ecology,,8,13,21,
Health,,9,12,21,
Prebiotics,,11,10,21,
climateskeptics,,8,11,19,
evolution,,11,8,19,
hackernews,,7,12,19,
ScienceUncensored,,10,9,19,
energy,,15,3,18,
genetics,,5,13,18,
queeragriculture,,16,1,17,
technology,,7,10,17,
Astronomy,,5,11,16,
dataisbeautiful,,5,11,16,
nanotech,,13,3,16,
gpcrs,,8,7,15,
POLITIC,,6,9,15,
politics,,14,1,15,
skeptic,,7,8,15,
slatestarcodex,,5,10,15,
Stuff,,8,7,15,
trees,,5,10,15,
zika,,11,4,15,
materials,,8,6,14,
medicalschool,,6,8,14,
MensRights,,9,5,14,
NaturalWellnessGuide,,7,7,14,
Open_Science,,6,8,14,
realtech,,9,5,14,
Astrobiology,,3,10,13,
depressionregimens,,9,4,13,
Electromagnetics,,9,4,13,
electronic_cigarette,,4,9,13,
MakeTotalDestr0i,,4,9,13,
Paleontology,,8,5,13,
biology,,7,5,12,
MedicalNewsObserver,,5,7,12,
nanotechnology,,10,2,12,
Anthropology,,5,6,11,
farming,,4,7,11,
geopolitics,,11,,11,
HemaScholar,,7,4,11,
linguistics,,6,5,11,
tDCS,,10,1,11,
WTF,,1,10,11,
collapsademic,,1,9,10,
collapse,,2,8,10,
Drugs,,7,3,10,
EnviroNews,,2,8,10,
epidemiology,,5,5,10,
fatlogic,,7,3,10,
microbiology,,3,7,10,
neuroscience,,2,8,10,
nuclear,,9,1,10,
psychologyofsex,,10,,10,
VACCINES,,9,1,10,
AbuseInterrupted,,4,5,9,
cfs,,5,4,9,
ClimateNews,,3,6,9,
climatepolicy,,,9,9,
ebola,,4,5,9,
Hematopathology,,2,7,9,
Mars,,3,6,9,
math,,5,4,9,
neuronaut,,5,4,9,
newsokur,,3,6,9,
pharmacy,,6,3,9,
socialscience,,6,3,9,
Soil,,3,6,9,
The_Donald,,6,3,9,
thisisthewayitwillbe,,5,4,9,
Agriculture,,2,6,8,
China,,8,,8,
epileptology,,3,5,8,
europe,,6,2,8,
europeans,,4,4,8,
ID_News,,3,5,8,
news,,6,2,8,
socialism,,6,2,8,
TrueReddit,,4,4,8,
vegan,,4,4,8,
water,,3,5,8,
diabetes,,4,3,7,
Dinosaurs,,5,2,7,
EnoughTrumpSpam,,4,3,7,
graphene,,5,2,7,
hinduism,,6,1,7,
Physics_AWT,,4,3,7,
postnationalist,,7,,7,
ProjetXandu382,,2,5,7,
Sino,,4,3,7,
statistics,,2,5,7,
unitedkingdom,,5,2,7,
UPFORFUN,,3,4,7,
911truth,,5,1,6,
autism,,4,2,6,
BabyBumps,,4,2,6,
BasicIncome,,3,3,6,
Bitcoin,,1,5,6,
CreationPub,,4,2,6,
CredibleDefense,,5,1,6,
dietitiansanonymous,,3,3,6,
Foodforthought,,5,1,6,
FoodNerds,,3,3,6,
GunsAreCool,,4,2,6,
healthcare,,4,2,6,
KotakuInAction,,5,1,6,
mistyfront,,3,3,6,
pharmacology,,3,3,6,
PhilosophyofScience,,3,3,6,
PoliticalScience,,4,2,6,
ScienceFacts,,4,2,6,
steroids,,3,3,6,
transgender,,2,4,6,
TrumpScience,,5,1,6,
3Dprinting,,2,3,5,
AnalyticalScience,,4,1,5,
Archaeology,,3,2,5,
BioChar,,2,3,5,
CyberPsychology,,4,1,5,
DamnInteresting,,3,2,5,
EconomicHistory,,2,3,5,
emergencymedicine,,3,2,5,
ems,,3,2,5,
ethicalevidence,,3,2,5,
exobiology,,1,4,5,
funny,,1,4,5,
Immunology,,2,3,5,
MachineLearning,,2,3,5,
MarchForScience,,3,2,5,
MedTech,,3,2,5,
neurobiology,,2,3,5,
Newsbeard,,2,3,5,
NuclearPower,,4,1,5,
progressive,,5,,5,
psychopharmacology,,2,3,5,
researchchemicals,,5,,5,
RIPscience,,4,1,5,
SargonofAkkad,,5,,5,
TechOfTheFuture,,3,2,5,
tldrsci,,4,1,5,
TwoXChromosomes,,4,1,5,
Virology,,2,3,5,
worldpolitics,,3,2,5,
Anarcho_Capitalism,,1,3,4,
AnythingGoesNews,,4,,4,
australia,,2,2,4,
besteurope,,3,1,4,
China_News,,2,2,4,
datascience,,1,3,4,
de,,4,,4,
Gender_Critical,,2,2,4,
genomics,,2,2,4,
geology,,3,1,4,
globalhealth,,4,,4,
herpetology,,2,2,4,
history,,1,3,4,
holofractal,,2,2,4,
interestingasfuck,,,4,4,
lgbt,,2,2,4,
likeus,,2,2,4,
longevity,,2,2,4,
MarineEcology,,4,,4,
Medicalresearchnews,,3,1,4,
MultipleSclerosis,,,4,4,
nano,,3,1,4,
Nanomedicine,,3,1,4,
neuro,,2,2,4,
NewsChina,,2,2,4,
newsokunomoral,2,1,1,4,
offbeat,,3,1,4,
Psychiatry,,2,2,4,
ReligiousTheory,,3,1,4,
ResearchASMR,,3,1,4,
schizophrenia,,,4,4,
sciencemadesimple,,2,2,4,
SexPositive,,3,1,4,
soccer,,1,3,4,
Technostism,,1,3,4,
tressless,,2,2,4,
TumblrInAction,,4,,4,
varicocele,,3,1,4,
WayOfTheBern,,1,3,4,
worldnews,,4,,4,
AcademicPsychology,,2,1,3,
Africa,,2,1,3,
AlternativeHealth,,2,1,3,
AltMicrobiology,,3,,3,
Antipsychiatry,,2,1,3,
austrian_economics,,2,1,3,
bicycling,,2,1,3,
biotechnology,,1,2,3,
BitcoinAll,,1,2,3,
botany,,3,,3,
brasil,,2,1,3,
Cardiology,,2,1,3,
Cataloging,,2,1,3,
chaoskampf,,1,2,3,
CLL_Leukemia,,1,2,3,
cogsci,,1,2,3,
computervision,,2,1,3,
conservation,,2,1,3,
CRISPR,,2,1,3,
DecisionTheory,,2,1,3,
EnergyNews,,2,1,3,
Epicureanism,,1,2,3,
evopsych,,1,2,3,
fitnesscirclejerk,,1,2,3,
future_economics,,,3,3,
GamerGhazi,,3,,3,
GenderCritical,,1,2,3,
GirlGamers,,2,1,3,
HBD,,1,2,3,
highereducation,,2,1,3,
infectiousdisease,,1,2,3,
inthenews,,2,1,3,
IOPsychology,,3,,3,
Italia,,3,,3,
kratom,,3,,3,
LabourUK,,2,1,3,
LadiesofScience,,2,1,3,
LiveRAWG,,,3,3,
MEAction,,1,2,3,
medievalliterature,,3,,3,
mpcr,,2,1,3,
nature,,2,1,3,
Neuropsychology,,2,1,3,
NoDip,,1,2,3,
NoShitSherlock,,2,1,3,
Ornithology,,2,1,3,
Permaculture,,1,2,3,
PharmaMedicine,,1,2,3,
Planet9,,,3,3,
programming,,3,,3,
proteins,,2,1,3,
RedditDayOf,,1,2,3,
RenewableEnergy,,2,1,3,
SETI,,,3,3,
sexlivesofearthlings,,2,1,3,
SkinCareScience,,1,2,3,
sociology,,2,1,3,
Staphacne,,2,1,3,
Sustainable,,1,2,3,
Testosterone,,1,2,3,
TheDyslexicNerd,,,3,3,
thenewsrightnow,,3,,3,
ThylacineScience,,3,,3,
ukpolitics,,1,2,3,
uncensorednews,,3,,3,
urbanplanning,,2,1,3,
V2X,,2,1,3,
veganscience,,3,,3,
zika_virus,,1,2,3,
AboutDopamine,,1,1,2,
academia,,1,1,2,
akufi,,2,,2,
alcohol,,2,,2,
aliens,,,2,2,
alife,,1,1,2,
Allergies,,1,1,2,
AltMercury,,1,1,2,
altnewz,,2,,2,
anabolic,,,2,2,
anesthesiology,,1,1,2,
Aquariums,,,2,2,
architecture,,,2,2,
artificial,,,2,2,
Asthma,,2,,2,
atheism,,2,,2,
autoimmunity,,1,1,2,
badeconomics,,1,1,2,
badphilosophy,,2,,2,
badwomensanatomy,,2,,2,
BehavioralEconomics,,2,,2,
BetterHealth,,1,1,2,
bigdata,,1,1,2,
Biochemistry,,1,1,2,
bioinformatics,,2,,2,
bisexual,,1,1,2,
Blackfellas,,2,,2,
blackladies,,2,,2,
blindexperiments,,2,,2,
cancer,,1,1,2,
casereports,,2,,2,
CBRNE,,1,1,2,
ccsvi,,2,,2,
Christianity,,1,1,2,
Communications,,2,,2,
compsci,,2,,2,
ConflictOfInterest,,1,1,2,
cosmology,,1,1,2,
CrappyDesign,,1,1,2,
Criminology,,2,,2,
cuttingedge,,2,,2,
DarkEnlightenment,,,2,2,
democrats,,1,1,2,
DigitalCommunication,,1,1,2,
doomsdaycult,,,2,2,
drought,,1,1,2,
education,,1,1,2,
ehlersdanlos,,1,1,2,
EmDrive,,1,1,2,
EnergyPolitics,,2,,2,
EnergyStorage,,2,,2,
environmental_science,,,2,2,
ethereum,,,2,2,
Eurosceptics,,2,,2,
exmormon,,1,1,2,
exmuslim,,1,1,2,
exoplanets,,2,,2,
fasting,,,2,2,
Feminism,,2,,2,
finance,,1,1,2,
fitness30plus,,2,,2,
Floathouse,,2,,2,
FunctionalNeurology,,1,1,2,
geoscience,,,2,2,
GEPRNotes,,,2,2,
Gerontologie,,,2,2,
GlobalWarming,,,2,2,
glutenscience,,2,,2,
GMO,,1,1,2,
GMONews,,2,,2,
Green,,2,,2,
GreenParty,,2,,2,
hapas,,2,,2,
HealthEconomics,,,2,2,
HealthEconWP,,2,,2,
healthtechnews,,2,,2,
Hemophilia,,,2,2,
HistoryofIdeas,,1,1,2,
Hydrology,,,2,2,
Hypothyroidism,,2,,2,
ibs,,,2,2,
Impeach_Trump,,2,,2,
Incels,,1,1,2,
india,,1,1,2,
InequalityResearch,,,2,2,
Intactivists,,2,,2,
Intelligence,,1,1,2,
ketogains,,,2,2,
knowm,,1,1,2,
labrats,,1,1,2,
LateStageCapitalism,,1,1,2,
leangains,,,2,2,
limblengthening,,,2,2,
luxoria,,,2,2,
MaladaptiveDreaming,,1,1,2,
Marijuana,,1,1,2,
marinebiology,,,2,2,
Market_Socialism,,,2,2,
MedicalPhysics,,1,1,2,
medicinecanada,,,2,2,
medlabprofessionals,,1,1,2,
MGTOW,,1,1,2,
mildlypenis,,2,,2,
MMJ,,1,1,2,
Monsanto,,1,1,2,
Narcolepsy,,1,1,2,
newzealand,,2,,2,
NoCorporations,,,2,2,
nursing,,,2,2,
OCD,,,2,2,
ocean,,1,1,2,
oculus,,2,,2,
OldEnglish,,2,,2,
Oncology,,,2,2,
openaccesspapers,,,2,2,
opendata,,1,1,2,
opiates,,1,1,2,
paleonews,,,2,2,
Parkinsons,,1,1,2,
ParticlePhysics,,1,1,2,
Passwords,,2,,2,
pathology,,1,1,2,
Pathologyanddisease,,1,1,2,
pcmasterrace,,1,1,2,
PharmacoGenomics,,1,1,2,
PhascinatingPhysics,,1,1,2,
philosophy,,1,1,2,
PlantBasedDiet,,,2,2,
Political_Revolution,,2,,2,
popping,,1,1,2,
postcolonialism,,1,1,2,
privacy,,1,1,2,
progun,,,2,2,
Psychonaut,,,2,2,
psychopathology,,,2,2,
Quebec,,1,1,2,
QueerTheory,,1,1,2,
Radiology,,,2,2,
RealEnvironment,,,2,2,
realityprocessing,,,2,2,
ReefTank,,,2,2,
respiratorytherapy,,1,1,2,
ReverseEngineering,,1,1,2,
running,,1,1,2,
russia,,2,,2,
Sabermetrics,,,2,2,
SandersForPresident,,2,,2,
ScientificParents,,,2,2,
searchengines,,1,1,2,
servocomputers,,1,1,2,
singularity,,1,1,2,
SkincareAddiction,,1,1,2,
slp,,,2,2,
SouthAsianHistory,,2,,2,
Spaceexploration,,1,1,2,
spiders,,2,,2,
Sunblock,,1,1,2,
syriancivilwar,,2,,2,
TBI,,,2,2,
tea,,2,,2,
tech,,2,,2,
ThermalPerformance,,1,1,2,
TheSquish,,1,1,2,
tinnitus,,,2,2,
topofreddit,,,2,2,
trypophobia,,,2,2,
TurkicHistory,,1,1,2,
Vive,,1,1,2,
VXJunkies,,2,,2,
Vyrdism,,1,1,2,
Wastewater,,1,1,2,
wearables,,2,,2,
WeHaveConcerns,,2,,2,
weightroom,,2,,2,
WildNews,,2,,2,
women,,2,,2,
worldnewshub,,2,,2,
22q,,,1,1,
3DPrintedMagnets,,,1,1,
Absinthe,,,1,1,
academiceconomics,,1,,1,
AcademicGhostwriting,,,1,1,
AcademicMarxism,,1,,1,
AcademicPhilosophy,,,1,1,
academicpublishing,,,1,1,
accelerators,,,1,1,
Acoustics,,,1,1,
actuallesbians,,1,,1,
acupuncture,,,1,1,
addiction,,1,,1,
advertising,,,1,1,
aeroponics,,,1,1,
AgPolitic,,1,,1,
AgroForestry,,,1,1,
AIethics,,1,,1,
ainbow,,1,,1,
AirForce,,1,,1,
AirQuality,,,1,1,
alcoholabuse,,1,,1,
alcoholism,,,1,1,
alltheleft,,1,,1,
AltBoron,,1,,1,
AlternativeCancer,,1,,1,
Alzheimers,,,1,1,
AlzheimersCanada,,,1,1,
amyloidosis,,1,,1,
Anarchism,,,1,1,
AnarchistNews,,1,,1,
anarcho_hackers,,1,,1,
anarcho_primitivism,,,1,1,
AnarchyChess,,,1,1,
AncientAliens,,,1,1,
AncientCivilizations,,,1,1,
AnimalBehavior,,,1,1,
animalwelfarescience,,,1,1,
antarctica,,,1,1,
AntFarmKeyboard,,,1,1,
anthropics,,,1,1,
anthropocene,,1,,1,
AntiTrumpAlliance,,1,,1,
antivax,,1,,1,
AppliedDigitalEthics,,1,,1,
ArloJamesBarnes,,1,,1,
asexuality,,1,,1,
asianamerican,,1,,1,
asianfeminism,,1,,1,
asmr,,,1,1,
Assessment_Testing,,1,,1,
asteroid,,1,,1,
atheismplus,,1,,1,
atheoryofeverything,,1,,1,
ATHX,,,1,1,
Atlanta,,1,,1,
audioengineering,,,1,1,
AusPol,,1,,1,
austinisacoolguy,,,1,1,
AustralianHistory,,1,,1,
Austria,,,1,1,
awakened,,,1,1,
aznidentity,,1,,1,
badmathematics,,1,,1,
BadPharma,,,1,1,
badscience,,1,,1,
bannination,,1,,1,
baseball,,1,,1,
batteries,,,1,1,
battery,,1,,1,
bayesian,,,1,1,
Beekeeping,,,1,1,
bees,,,1,1,
behavior,,,1,1,
Behavioralscience,,,1,1,
BehaviorAnalysis,,1,,1,
bestofthefray,,,1,1,
bicycleculture,,,1,1,
billiards,,1,,1,
bioelectric,,,1,1,
BioEnergy,,1,,1,
Biofuel,,,1,1,
biomass,,,1,1,
Biomechanics,,,1,1,
Biomed,,,1,1,
bioscience,,1,,1,
biotech,,1,,1,
bipolar,,,1,1,
boardgames,,1,,1,
bodybuilding,,,1,1,
bodymods,,1,,1,
booklists,,1,,1,
books,,,1,1,
Brasil_reflexivo,,1,,1,
breakingbad,,1,,1,
breastcancer,,,1,1,
britishcolumbia,,1,,1,
btc,,,1,1,
Buddhism,,1,,1,
C_Programming,,1,,1,
canada,,1,,1,
CanadaPolitics,,1,,1,
Cannabinoids,,,1,1,
CannabisLegalization,,1,,1,
carbontax,,,1,1,
cars,,,1,1,
catholicttc,,,1,1,
CBD,,,1,1,
cerebralhack,,,1,1,
ceruleus0,,1,,1,
Cetacea,,,1,1,
Chaucer,,1,,1,
ChemicalKinetics,,,1,1,
Chemtrail,,,1,1,
chickens,,,1,1,
cincinnati,,,1,1,
circlejerk,,1,,1,
CitiesInMotion,,1,,1,
CitiesSkylines,,,1,1,
ClinicalGenetics,,,1,1,
cloudtobutt,,1,,1,
cocaine,,,1,1,
CogSec,,1,,1,
CollegeEssays,,1,,1,
ColonizeLuna,,1,,1,
communists,,1,,1,
Comparative,,1,,1,
comparch,,1,,1,
compgeo,,1,,1,
compmathneuro,,,1,1,
compsocialsci,,1,,1,
computationalcrea,,,1,1,
Concentrated,,1,,1,
ConcentrationOfWealth,,1,,1,
ConcussionManagement,,1,,1,
Conservative,,1,,1,
ConspiracyNews,,1,,1,
consulting,,1,,1,
contpoltheor,,1,,1,
ControlTheory,,,1,1,
Coq,,1,,1,
corruptscience,,1,,1,
Cosmopolitanism,,1,,1,
counterjihad,,1,,1,
cpp,,1,,1,
CraftBeer,,,1,1,
craftofintelligence,,,1,1,
CrimeInChicago,,1,,1,
CRIMJ415,,,1,1,
CringeAnarchy,,1,,1,
CrohnsDisease,,1,,1,
Cyberpunk,,,1,1,
d023n,,1,,1,
Damnthatsinteresting,,,1,1,
DarkFuturology,,1,,1,
data,,,1,1,
datagangsta,,1,,1,
datasets,,,1,1,
DeadBedrooms,,1,,1,
deadwood,,1,,1,
DebateAltRight,,,1,1,
DebateFascism,,1,,1,
DebunkThis,,,1,1,
DeepLearningPapers,,,1,1,
dementia,,,1,1,
depression_de,,1,,1,
Deusex,,1,,1,
devbio,,,1,1,
dharmaSci,,,1,1,
dialysis,,,1,1,
DID,,,1,1,
diet,,1,,1,
Diets,,1,,1,
disabledgamers,,1,,1,
DiversityCritical,,1,,1,
doctorswithoutborders,,1,,1,
dysphagia,,,1,1,
EarthScience,,,1,1,
EasternPhilosophy,,,1,1,
EdaciousE,,1,,1,
educationaustralia,,,1,1,
eeg,,1,,1,
Eesti,,1,,1,
el1te,,,1,1,
electionReformNews,,,1,1,
electricdaisycarnival,,,1,1,
electronics,,1,,1,
Endo,,,1,1,
EndofLifeCare,,,1,1,
EnergyConversion,,1,,1,
EngineerPoet,,,1,1,
entp,,,1,1,
envirotech,,1,,1,
epigenetics,,,1,1,
Epilepsy,,,1,1,
ERRC,,,1,1,
EthereumClassic,,,1,1,
Ethnomethodology,,1,,1,
EuroDebate,,1,,1,
europeanparliament,,1,,1,
europes,,1,,1,
evolcellbiol,,,1,1,
evolutionReddit,,,1,1,
fabuleuxdestin,,,1,1,
Fakten,,1,,1,
FansOfRizeUpConnect,,1,,1,
fatpeoplelove,,1,,1,
feminisms,,1,,1,
Fibromyalgia,,1,,1,
financialindependence,,,1,1,
FirstLook,,1,,1,
fiscal_conservative,,,1,1,
FiveYearsAgoOnReddit,,1,,1,
FODMAPS,,,1,1,
folklore,,1,,1,
FolkloreAndMythology,,1,,1,
foodscience,,,1,1,
foodsecurity,,1,,1,
foreignaffairs,,1,,1,
forensicpsychiatry,,,1,1,
fosterit,,1,,1,
fountainpens,,1,,1,
france,,1,,1,
FrankfurtSchool,,1,,1,
fraud,,1,,1,
FreeEuropeNews,,1,,1,
Freethought,,1,,1,
Frisson,,1,,1,
frogs,,,1,1,
ftm,,1,,1,
Fuckthealtright,,,1,1,
FuckYou,,1,,1,
Fungi,,,1,1,
fusion,,1,,1,
futuresex,,1,,1,
Futurology_nd,,1,,1,
G502MasterRace,,,1,1,
gamebasedlearning,,1,,1,
GAMETHEORY,,,1,1,
gaming,,,1,1,
gardening,,,1,1,
Gastroparesis,,1,,1,
GateKeepers,,,1,1,
gay,,1,,1,
gaybros,,1,,1,
gaymarriage,,1,,1,
geek,,1,,1,
gendercritlesbians,,1,,1,
geneflow,,1,,1,
Geoengineering,,1,,1,
geography,,1,,1,
GeoLibertarianism,,1,,1,
geologia,,,1,1,
geomorphology,,1,,1,
geophysics,,,1,1,
gerontology,,,1,1,
GGFreeForAll,,1,,1,
GMOdebate,,,1,1,
GMOinfo,,1,,1,
GMOMyths,,,1,1,
goethe,,1,,1,
GoodFolks,,,1,1,
goodnews,,,1,1,
GradSchool,,1,,1,
greed,,,1,1,
Green_Anarchism,,1,,1,
GreenPartyUSA,,1,,1,
grime,,1,,1,
gscience,,,1,1,
gso,,,1,1,
guncontrol,,,1,1,
gunpolitics,,1,,1,
h3h3productions,,,1,1,
haskell,,1,,1,
HCTriage,,1,,1,
healthateverysize,,,1,1,
HealthTech,,1,,1,
HealthyFood,,,1,1,
hillaryclinton,,,1,1,
HillaryForAmerica,,,1,1,
HillaryForPrison,,1,,1,
History_Mysteries,,,1,1,
HistoryofScience,,1,,1,
hitchhiking,,,1,1,
hivaids,,,1,1,
holocaust,,1,,1,
Homebrewing,,1,,1,
homeopathy,,1,,1,
Homesteading,,,1,1,
houston,,1,,1,
humangenetics,,1,,1,
HydroElectric,,,1,1,
iamverysmart,,1,,1,
iasdreams,,1,,1,
ill_brain_insights,,1,,1,
ImGoingToHellForThis,,,1,1,
ImmigrationNews,,1,,1,
impega,,,1,1,
indepthcalifornia,,,1,1,
indepthstories,,1,,1,
IndiaMain,,,1,1,
IndiaSpeaks,,,1,1,
inspirationscience,,1,,1,
internationalaffairs,,1,,1,
InternationalDev,,,1,1,
internationalpolitics,,1,,1,
InternetPsych,,1,,1,
Iodide,,1,,1,
iran,,1,,1,
iranian,,1,,1,
islam,,1,,1,
Israel,,1,,1,
italy,,1,,1,
ItalyOT,,,1,1,
ITcrowd,,1,,1,
iZombie,,1,,1,
jhana,,,1,1,
JoeRogan,,,1,1,
Journalism,,1,,1,
kallmann_syndrome,,,1,1,
KawasakiDisease,,1,,1,
keto,,,1,1,
KIC8462852,,,1,1,
Kossacks_for_Sanders,,,1,1,
Kuwait,,1,,1,
La_trumpers,,1,,1,
labsafety,,,1,1,
LanguageTechnology,,1,,1,
latterdaysaints,,,1,1,
law,,1,,1,
LaymanJournals,,,1,1,
LCHF,,,1,1,
Leadership,,1,,1,
LeftWithoutEdge,,1,,1,
LessCredibleDefence,,1,,1,
LFTR,,,1,1,
LGBTLibrary,,1,,1,
Libertarian,,,1,1,
Lichen,,,1,1,
lifeaquatic,,1,,1,
livestock,,,1,1,
londoncycling,,,1,1,
Longreads,,,1,1,
LosAngeles,,,1,1,
lowcarbon,,,1,1,
Lyme,,,1,1,
MakingaMurderer,,1,,1,
Malware,,,1,1,
management,,,1,1,
MandelaEffectAdvanced,,,1,1,
marineconservation,,,1,1,
marketingthought,,1,,1,
MarshallBrain,,1,,1,
mastmaking,,1,,1,
Mathematica,,1,,1,
MBD,,1,,1,
med_diet,,,1,1,
medical,,,1,1,
medicalcuriosities,,,1,1,
MedicalDevice,,1,,1,
MedicalPlants,,1,,1,
MedicalTourism,,1,,1,
MedicinalChemistry,,1,,1,
Meditation,,,1,1,
MeepleLikeUs,,1,,1,
Megafauna,,1,,1,
Menieres,,,1,1,
merreborn,,1,,1,
mesoamerica,,,1,1,
metacanada,,1,,1,
Metal,,1,,1,
Metallica,,1,,1,
meteorology,,1,,1,
Metric,,,1,1,
mexico,,,1,1,
michela,,,1,1,
migraine,,1,,1,
Military,,,1,1,
miltech,,,1,1,
MLS,,,1,1,
mlsig_daiict,,1,,1,
MonarchButterfly,,1,,1,
Monero,,1,,1,
monkeynewsbot,,,1,1,
MorbidReality,,1,,1,
MorbidRealityRebooted,,,1,1,
motorcycles,,,1,1,
movies,,1,,1,
MRSAkron,,,1,1,
MSDATB,,,1,1,
MSresearch,,,1,1,
mturk,,1,,1,
MUD,,,1,1,
MyResearch2015,,,1,1,
mythology,,1,,1,
mythsandlegends,,1,,1,
nasa,,1,,1,
Natalism,,,1,1,
NativeSeed,,1,,1,
NatureConservation,,,1,1,
netsec,,1,,1,
neumaterials,,1,,1,
neurodiversity,,,1,1,
neuroengineering,,1,,1,
neurogenesis,,,1,1,
neuroimaging,,1,,1,
neurology,,,1,1,
NeuroMuscularDent,,1,,1,
Neurosurgery,,1,,1,
Neutron,,,1,1,
NeverTrump,,1,,1,
New_Message_from_God,,,1,1,
new_right,,1,,1,
NewsoftheNRA,,1,,1,
NewsYouShouldKnow,,1,,1,
nfl,,1,,1,
NOG,,1,,1,
noip,,,1,1,
NootropicResearch,,1,,1,
NorthCarolina,,,1,1,
NorthernAggression,,,1,1,
NutritionScience,,,1,1,
obamacare,,1,,1,
Obesity,,1,,1,
ObesityRage,,1,,1,
Obesogens,,,1,1,
Objectivism,,,1,1,
OceanAcidification,,,1,1,
oceanography,,,1,1,
oee,,1,,1,
OffensiveSpeech,,1,,1,
oilspill,,,1,1,
oncologyhematology,,,1,1,
onthegrid,,,1,1,
OnTheWaterFront,,1,,1,
OpenAccess,,,1,1,
openbtc,,,1,1,
Ophthalmology,,1,,1,
OphthalmologyHistory,,1,,1,
ophthalmologyvision,,1,,1,
opticsnotes,,,1,1,
OrbitRock,,,1,1,
orgchemasaps,,,1,1,
OrthoResearch,,,1,1,
Outlier,,1,,1,
PactWebSerial,,,1,1,
Parasitology,,1,,1,
pax_directory,,,1,1,
pchem,,1,,1,
PCOS,,,1,1,
peakoil,,1,,1,
pediatrics,,,1,1,
PeterWatts,,,1,1,
pharma,,1,,1,
Philippines,,,1,1,
phoneaddiction,,1,,1,
photovoltaics,,,1,1,
PinealCyst,,1,,1,
plagiocephaly,,,1,1,
pokemongo,,,1,1,
Policy,,,1,1,
PoliticsPDFs,,1,,1,
popperpigs,,1,,1,
portugal,,1,,1,
positivementalhealth,,,1,1,
PraxAcceptance,,1,,1,
premed,,1,,1,
procureAutism,,,1,1,
programmingcirclejerk,,,1,1,
prohealth,,1,,1,
ProstateCancer,,1,,1,
Prosthetics,,,1,1,
ps269ucla2017,,,1,1,
Psoriasis,,1,,1,
PsychedelicStudies,,1,,1,
PsychedelicTherapy,,,1,1,
psychoanalysis,,1,,1,
pulmcrit,,,1,1,
Pyrolysis,,1,,1,
Python,,1,,1,
quantum,,,1,1,
QuantumComputing,,,1,1,
QuantumInformation,,1,,1,
quantumjournal,,1,,1,
Quaoar,,,1,1,
queen,,1,,1,
queer,,1,,1,
racism,,1,,1,
radicalscientists,,,1,1,
RagenChastain,,1,,1,
raisingkids,,,1,1,
RankingTheKingdom,,1,,1,
redditdotcom,,1,,1,
RedditPolitix,,,1,1,
ReligiousEducation,,,1,1,
Remineralization,,,1,1,
RenewableNews,,1,,1,
Republican,,1,,1,
research,,1,,1,
RIPtodayilearned,,,1,1,
RiverRestoration,,,1,1,
roadsafety,,,1,1,
RomanceLanguages,,1,,1,
RoomofRequirement,,,1,1,
Rosacea,,1,,1,
RPWofftopic,,1,,1,
RSI,,1,,1,
ru_RussianScience,,,1,1,
Sacramento,,1,,1,
SampleSize,,1,,1,
SanctionedSuicide,,1,,1,
sanelikeafox,,,1,1,
sanskrit,,1,,1,
SARMs,,,1,1,
scala,,,1,1,
ScienceBritannica,,,1,1,
ScienceCanada,,,1,1,
sciencecommunication,,1,,1,
ScienceNerds,,,1,1,
scienceofthespiritual,,,1,1,
ScienceParents,,,1,1,
scientificbookmarks,,1,,1,
ScientismToday,,,1,1,
scifi,,,1,1,
scince,,,1,1,
scistuff,,1,,1,
ScottishFootball,,,1,1,
SelfDrivingCars,,,1,1,
Serendipity,,,1,1,
SexArbeit,,1,,1,
sexualhealth,,,1,1,
sexworknews,,1,,1,
ShavingScience,,,1,1,
ShiThatInterestsMe,,1,,1,
Shitty_Science,,1,,1,
SimCity,,,1,1,
singapore,,1,,1,
Sinology,,1,,1,
sjsucks,,1,,1,
skeptics,,,1,1,
slavery,,,1,1,
slavic,,,1,1,
SleepApnea,,,1,1,
SleepProcrastination,,1,,1,
SLRadaptation,,,1,1,
SmallDickHumiliation,,,1,1,
SmarterEveryDay,,,1,1,
SmashFascism,,1,,1,
snappydata,,1,,1,
SocialDemocracy,,,1,1,
SocialJusticeInAction,,1,,1,
socialmediaresearch,,1,,1,
SoftRobotics,,1,,1,
softwaretesting,,1,,1,
solarenergy,,1,,1,
Space_Colonization,,,1,1,
spacediscussions,,,1,1,
spaceelevator,,1,,1,
spaceflight,,,1,1,
SpaceLaunchSystem,,1,,1,
spacex,,1,,1,
speculativerealism,,1,,1,
SPGBlocks,,1,,1,
SSRTandHumanDopamine,,,1,1,
StandingDesk,,1,,1,
StartMoving,,,1,1,
Steganography,,1,,1,
stemcells,,1,,1,
stopsmoking,,,1,1,
StrangeScience,,1,,1,
StrategicStudies,,1,,1,
streamrestoration,,1,,1,
subaddiction,,,1,1,
suicidology,,,1,1,
Suspicious0bservers,,,1,1,
sustainability,,,1,1,
sustainableforestry,,,1,1,
sweden,,1,,1,
Swimming,,,1,1,
Swingers,,1,,1,
Switchgrass,,,1,1,
Syngas,,1,,1,
systems,,1,,1,
tall,,1,,1,
TargetedEnergyWeapons,,1,,1,
TasmanGuard,,1,,1,
td_uncensored,,,1,1,
tDCS_BrainStimulators,,1,,1,
teaching,,1,,1,
technewz,,1,,1,
techsnap,,,1,1,
Tesla,,,1,1,
textbooks,,1,,1,
textdatamining,,1,,1,
Thailand,,,1,1,
The48LawsOfPower,,1,,1,
TheAdventureZone,,,1,1,
TheFutureIsNow,,,1,1,
TheGrid,,1,,1,
TheHuntingOfTheSnark,,1,,1,
TheInfraredPill,,,1,1,
TheMajorityReport,,,1,1,
TheoreticalPhysics,,1,,1,
TheRedPill,,1,,1,
TheRedWoman,,,1,1,
thorium,,1,,1,
throw_away_2819382193,,,1,1,
thyroidandaspergers,,,1,1,
TMJ,,,1,1,
tmro,,,1,1,
TODAYILEANED,,1,,1,
toxicology,,,1,1,
TPP,,1,,1,
transalute,,,1,1,
transgenderkids,,,1,1,
Transhuman,,,1,1,
transhumanism,,1,,1,
transit,,1,,1,
TransSpace,,,1,1,
TropicalWeather,,1,,1,
TruerReddit,,,1,1,
TrueSkeptics,,1,,1,
TrueTrueReddit,,1,,1,
TumblrAtRest,,1,,1,
TumblrPls,,1,,1,
type2diabetes,,1,,1,
UKhistory,,1,,1,
UkrainianConflict,,1,,1,
UMukhasimAutoNews,,1,,1,
unccecolab,,1,,1,
UofT,,,1,1,
Uranvestor,,1,,1,
urbandesign,,1,,1,
usanews,,1,,1,
UserSubmittedNews,,,1,1,
uspolitics,,1,,1,
USUnited,,,1,1,
Valopaat,,,1,1,
Vaping,,1,,1,
Vaping101,,,1,1,
vaporents,,,1,1,
veg,,1,,1,
veganarchism,,,1,1,
VeganChat,,1,,1,
vegetarian,,,1,1,
vfx,,1,,1,
videogamescience,,,1,1,
virtualreality,,,1,1,
VirtualScreening,,,1,1,
VitaminD,,,1,1,
voynich,,1,,1,
Vrbatim,,1,,1,
vzla,,1,,1,
Waste,,,1,1,
waterresources,,,1,1,
weapons,,1,,1,
weather,,1,,1,
wetlands,,,1,1,
WikiInAction,,1,,1,
wikipedia,,,1,1,
wind,,1,,1,
WomanhoodDomesticity,,1,,1,
WomensHealth,,1,,1,
World_News_Uncensored,,1,,1,
worldevents,,1,,1,
xkcd,,1,,1,
YemeniCrisis,,,1,1,
YesFap,,1,,1,
zombies,,1,,1,